INSERT INTO Organization (id, version, name, full_name, inn, kpp, address, phone, is_active)
VALUES (1, 0, 'ООО "Лучший выпускник Bell integrator"', 'Общество  с ограниченной ответственностью "Лучший выпускник
Bell integrator"', '5673491341', '674295418', 'Октябрьский проспект 6А', '89684846563', 1),
       (2, 0, 'ООО "Мастерская хорошего настроения"', 'Общество  с ограниченной ответственностью "Мастерская хорошего
настроения"', '3633417382', '575285127', 'Проспект Мира 111', '89161234562', 1);


INSERT INTO Office (id, version, name, address, phone, is_active, organization_id)
VALUES (1, 0, 'Головной офис', 'Октябрьский проспект 6А', '84957081234', 1, 1),
       (2, 0, 'Дополнительный офис', 'Ленина 54', '84995054114', 1, 1),
       (3, 0, 'Головной офис', 'Проспект Мира 111', '84957859595', 1, 2);


INSERT INTO Citizenship (id, version, name, code)
VALUES (1, 0, 'Российская федерация', 643);


INSERT INTO User (id, version, first_name, second_name, middle_name, position,
                  phone, is_identified, office_id, citizenship_id)
VALUES (1, 0, 'Дорошенко', 'Никита', 'Анатольевич', 'Аналитик', '89132521784', 1, 2, 1),
       (2, 0, 'Некрасов', 'Владимир', 'Александрович', 'Java разработчик', '89916075350', 1, 1, 1),
       (3, 0, 'Орлов', 'Дмитрий', 'Олегович', 'генеральный директор','89263536779', 1, 3, 1),
       (4, 0, 'Донцова', 'Дарья', 'Михайловна', 'главный бухгалтер','89211541788', 1, 1, 1);


INSERT INTO Document_type (id, version, name, code)
VALUES  (1, 0, 'Паспорт гражданина Российской Федерации', 21),
        (2, 0, 'Военный билет', 07),
        (3, 0, 'Загранпаспорт', 22);


INSERT INTO Document (id, version, document_type_id, number, date)
VALUES (1, 0, 1, '4607444334', '2007-08-17'),
       (2, 0, 1, '4199917378', '1999-04-27'),
       (3, 0, 2, '0050378', '1978-09-01'),
       (4, 0, 3, '520022132', '1987-11-01');


